flavor_code,flavor_name,notes
001,Rose,
002,Vanilla,
003,London Fog,
004,Salted Caramel,
005,Strawberry,
006,Peach Bellini,
007,Raspberry Bellini,
008,Shimmer Grapefruit,
009,Arcadia Orange,
010,Shimmer Lemon,
011,Moscow Mule,
012,Old Fashioned,
013,Manhattan,
014,Mint Julep,
015,Mojito,
016,Shimmer Cosmo,
017,Pumpkin Spice,
018,Spiced Apple Toddy,
019,White Peppermint Mocha,
020,Cream,
021,Vanilla Brown Sugar,
022,Chocolate,
023,White Chocolate Mocha,
024,Classic Cocoa,
025,Matcha,
033,Espresso,
034,Espresso Martini,
035,Shimmer Strawberry,
036,Shimmer Peach,
037,Shimmer White Raspberry,
039,Shimmer Orange,
041,Confetti Sprinkles,
042,Confetti Cake,
043,Chocolate Cake,
044,Eggnog,
045,Gingerbread,
046,Sugar Cookie,
047,Crushed Candy Cane,
048,Christmas Cookie Sprinkles,
049,Cinnamon Hazelnut,
050,Pear Apple Nutmeg,
051,Cranberry Orange Rosemary,
054,Tart Green Apple,
055,Tart Cherry Spritz,
056,Aperitivo Spritz,
057,The Hugo Spritz,
058,Shimmer Lemon Drop,
059,Spiced Apple Cider,
062,White Peppermint,
063,Peppermint Marshmallow Sprinkles,
065,Peppermint Candy Cane Sprinkles,
066,Gingerbread Sugar Rimmer,
067,Black Poison Sugar Rimmer,
068,Mint,
069,Mint & Lime,
080,Biscotti Cookie,
081,Orange Vanilla Cream,
082,French Vanilla,
084,Candy Corn Vanilla,
085,Bewitched Blueberry,
086,Coven Cranberry,
087,Ornage Cranberry,
088,Blood Orange,
092,Salted Honey,
093,Orange Clove,
094,Cinnamon & Clove,
097,Lemon Honey,
098,Maple Nutmeg,
099,Spiced Mexican Chocolate,
100,Dark Chocolate,
101,Pistachio White Chocolate,
102,Toasted Marshmallow,
103,Marshmallow,
104,Pomegranate,
105,Spiced Chai,
106,Vanilla Chai,
109,Apple Pie,
110,Cherry Pie,
111,Coconut Cream,
112,Giner & Lime,
113,Graham Cracker Sugar Rimmer,
116,Horchata,
117,Pecan,
119,Kentucky Mule,
120,Blue Raspberry,
121,Watermelon,
123,Prickly Pear & Lime,
124,Blueberry,
