sku,on_hand,counted_at,notes
SM005,588,,imported from shipstation
SB006,125,,imported from shipstation
SM024,660,,imported from shipstation
SB005,36,,imported from shipstation
SB012,77,,imported from shipstation
SB016,86,,imported from shipstation
SB009,81,,imported from shipstation
SB002,78,,imported from shipstation
SB004,144,,imported from shipstation
SB013,187,,imported from shipstation
SB017,99,,imported from shipstation
SB003,92,,imported from shipstation
SB034,126,,imported from shipstation
SB058,123,,imported from shipstation
GS068,127,,imported from shipstation
GS069,75,,imported from shipstation
GS071,2370,,imported from shipstation
GS078,166,,imported from shipstation
GS082,82,,imported from shipstation
GS083,453,,imported from shipstation
SS034,48,,imported from shipstation
TEB001-5,8,,imported from shipstation
TEB002,3,,imported from shipstation
TEB003-1,6,,imported from shipstation
SB047,99,,imported from shipstation
TEB002-5,4,,imported from shipstation
TEB004-5,6,,imported from shipstation
SS058,88,,imported from shipstation
SB059,100,,imported from shipstation
BA012,562,,imported from shipstation
BA024,18,,imported from shipstation
SB056,91,,imported from shipstation
SB045,100,,imported from shipstation
SB049,96,,imported from shipstation
RE002,54,,imported from shipstation
GS087,140,,imported from shipstation
RE003,63,,imported from shipstation
RE004,108,,imported from shipstation
RE005,37,,imported from shipstation
TA025-GY,17,,imported from shipstation
TA025-RT,8,,imported from shipstation
TA020-OR,18,,imported from shipstation
RE001-RT,215,,imported from shipstation
TA020-RD,6,,imported from shipstation
BA040-AM,326,,imported from shipstation
BA040-BU,46,,imported from shipstation
BA040-GN,38,,imported from shipstation
BA040-PK,22,,imported from shipstation
BA040-TN,40,,imported from shipstation
RE001-PK,188,,imported from shipstation
TA024-CR,14,,imported from shipstation
TA025-BU,9,,imported from shipstation
TEB003-5,8,,imported from shipstation
GS150,483,,imported from shipstation
GS154,54,,imported from shipstation
GS155,212,,imported from shipstation
GS151-G,89,,imported from shipstation
GS151-SV,81,,imported from shipstation
GS091-WH,199,,imported from shipstation
GS092-BK,110,,imported from shipstation
GS092-WH,116,,imported from shipstation
GS003,229,,imported from shipstation
GGS005,10,,imported from shipstation
GGS020,10,,imported from shipstation
GGS006,10,,imported from shipstation
GGS021,10,,imported from shipstation
GGS019,100,,imported from shipstation
GGS023,5,,imported from shipstation
SB008,81,,imported from shipstation
GGS010,10,,imported from shipstation
SB007,83,,imported from shipstation
SB010,84,,imported from shipstation
GS029,3,,imported from shipstation
SB018,100,,imported from shipstation
SB015,100,,imported from shipstation
SB011,100,,imported from shipstation
SB024,100,,imported from shipstation
SB014,96,,imported from shipstation
GGS011,719,,imported from shipstation
SB001,95,,imported from shipstation
SB023,100,,imported from shipstation
BB001,10,,imported from shipstation
BB002,10,,imported from shipstation
BPA011,86,,imported from shipstation
PA007,224,,imported from shipstation
PA009,233,,imported from shipstation
PA010,409,,imported from shipstation
GGS028,10,,imported from shipstation
FB001,5,,imported from shipstation
BB004,5,,imported from shipstation
BB019,4,,imported from shipstation
BB022,8,,imported from shipstation
BB024,24,,imported from shipstation
BB023,10,,imported from shipstation
SM047,660,,imported from shipstation
SM046,660,,imported from shipstation
SM045,660,,imported from shipstation
SD000-3,5,,imported from shipstation
GS032,7,,imported from shipstation
PA018,15,,imported from shipstation
PA017,8,,imported from shipstation
SD000-2,5,,imported from shipstation
PA016,16,,imported from shipstation
BA010,696,,imported from shipstation
BA021,54,,imported from shipstation
BA023,6,,imported from shipstation
PA022,148,,imported from shipstation
PA021,133,,imported from shipstation
B5-PA011,39,,imported from shipstation
TA017-G,378,,imported from shipstation
B10-RX002,33,,imported from shipstation
B3-PA019,4,,imported from shipstation
B10-RX003,29,,imported from shipstation
SB055,96,,imported from shipstation
TA017-SV,462,,imported from shipstation
BA022,26,,imported from shipstation
BB005,5,,imported from shipstation
BB006,5,,imported from shipstation
BB008,5,,imported from shipstation
BB010,30,,imported from shipstation
BB021,10,,imported from shipstation
BGS049,49,,imported from shipstation
GS001-CS3,1000,,imported from shipstation
BA011,846,,imported from shipstation
BA013,674,,imported from shipstation
GS092,350,,imported from shipstation
SM119,660,,imported from shipstation
TB002,243,,imported from shipstation
TB002,243,,imported from shipstation
TB003,151,,imported from shipstation
TB004,278,,imported from shipstation
TB005,1261,,imported from shipstation
TB006,1002,,imported from shipstation
TB012,1990,,imported from shipstation
SM008,606,,imported from shipstation
SM009,529,,imported from shipstation
SM011,618,,imported from shipstation
SM014,653,,imported from shipstation
SM023,660,,imported from shipstation
SS005,91,,imported from shipstation
SS008,388,,imported from shipstation
SS009,45,,imported from shipstation
SS011,1113,,imported from shipstation
TB017,4,,imported from shipstation
TB018,1077,,imported from shipstation
BA002-G,596,,imported from shipstation
BA003-G,651,,imported from shipstation
BA004-G,1075,,imported from shipstation
TJ001,284,,imported from shipstation
TJ003,301,,imported from shipstation
TP001,515,,imported from shipstation
TP003,570,,imported from shipstation
SC005,24,,imported from shipstation
GS037-PK,62,,imported from shipstation
GS037-WH,113,,imported from shipstation
TA003-CL,484,,imported from shipstation
TA003-AM,359,,imported from shipstation
SM049,660,,imported from shipstation
TA011-PK,102,,imported from shipstation
TA011-WH,46,,imported from shipstation
TA011-AM,37,,imported from shipstation
TA011-CL,184,,imported from shipstation
GS033,71,,imported from shipstation
TB056,733,,imported from shipstation
GS113,1482,,imported from shipstation
GS116,152,,imported from shipstation
GS111,9,,imported from shipstation
GS152,170,,imported from shipstation
GS153,102,,imported from shipstation
SB034-WS,49,,imported from shipstation
SB012-WS,71,,imported from shipstation
SB058-WS,32,,imported from shipstation
SB036-WS,37,,imported from shipstation
GS085,94,,imported from shipstation
TB034,2627,,imported from shipstation
TB049,123,,imported from shipstation
TB058,1975,,imported from shipstation
SM058,648,,imported from shipstation
SM034,660,,imported from shipstation
TB045,2,,imported from shipstation
TB047,824,,imported from shipstation
GS003-1,288,,imported from shipstation
GS005-1,245,,imported from shipstation
GS102,6939,,imported from shipstation
GS103,2838,,imported from shipstation
GS104,3135,,imported from shipstation
GS105,5040,,imported from shipstation
GS106,2375,,imported from shipstation
GS107,6932,,imported from shipstation
GS114,294,,imported from shipstation
GS115,794,,imported from shipstation
GS117,682,,imported from shipstation
GS118,761,,imported from shipstation
GS119,494,,imported from shipstation
GS120,300,,imported from shipstation
GS121,113,,imported from shipstation
GS123,260,,imported from shipstation
GS124,270,,imported from shipstation
GS125,316,,imported from shipstation
GS126,164,,imported from shipstation
GS127,87,,imported from shipstation
GS129,355,,imported from shipstation
GS130,43,,imported from shipstation
GS132,84,,imported from shipstation
GS134,60,,imported from shipstation
GS135,478,,imported from shipstation
GS137,140,,imported from shipstation
SD001,12,,imported from shipstation
SD002,14,,imported from shipstation
SD003,11,,imported from shipstation
GS088,85,,imported from shipstation
GS090,129,,imported from shipstation
GS091,250,,imported from shipstation
GS091-BK,200,,imported from shipstation
GS141,1373,,imported from shipstation
GS142,351,,imported from shipstation
GS143,93,,imported from shipstation
GS144,2452,,imported from shipstation
GS145,5210,,imported from shipstation
GS146,488,,imported from shipstation
GS147,458,,imported from shipstation
GS148,478,,imported from shipstation
GS149,469,,imported from shipstation
GS095,467,,imported from shipstation
GS096,488,,imported from shipstation
GS097,432,,imported from shipstation
GS098,499,,imported from shipstation
GS099,499,,imported from shipstation
SJ005,116,,imported from shipstation
SJ007,125,,imported from shipstation
SJ006,58,,imported from shipstation
TB009,2152,,imported from shipstation
TA002-G,1980,,imported from shipstation
SD000-1,5,,imported from shipstation
SM025,660,,imported from shipstation
BGS002,3,,imported from shipstation
BGS001,5,,imported from shipstation
BGS004,4,,imported from shipstation
BB007,12,,imported from shipstation
SS003,108,,imported from shipstation
SS001,81,,imported from shipstation
SS002,100,,imported from shipstation
SS004,78,,imported from shipstation
SS017,54,,imported from shipstation
SS007,75,,imported from shipstation
SS006,104,,imported from shipstation
SS010,131,,imported from shipstation
SM010,572,,imported from shipstation
SM003,469,,imported from shipstation
SM013,526,,imported from shipstation
SM016,496,,imported from shipstation
SM012,396,,imported from shipstation
SM015,579,,imported from shipstation
SM006,595,,imported from shipstation
SM007,628,,imported from shipstation
SM001,19,,imported from shipstation
SM001,1320,,imported from shipstation
SM004,654,,imported from shipstation
SM002,545,,imported from shipstation
SS012,19,,imported from shipstation
SS013,185,,imported from shipstation
SS016,25,,imported from shipstation
SM017,95,,imported from shipstation
SM018,660,,imported from shipstation
TP004,453,,imported from shipstation
TJ004,286,,imported from shipstation