lm_code,flavor_number,name,category,category_name,cap_color,cubes_per_tube
LM001-GC,001,Rose,GC,Gourmet Cafe,Rust,6
LM002-PC,002,Vanilla,PC,Premium Cocktail,Green,6
LM002-GC,002,Vanilla,GC,Gourmet Cafe,Rust,6
LM003-GC,003,London Fog,GC,Gourmet Cafe,Rust,6
LM004-PC,004,Salted Caramel,PC,Premium Cocktail,Green,6
LM004-GC,004,Salted Caramel,GC,Gourmet Cafe,Rust,6
LM005-BL,005,Strawberry Bellini,BL,Bellini,Cream,6
LM005-GC,005,Strawberry,GC,Gourmet Cafe,Rust,6
LM006-GC,006,Peach,GC,Gourmet Cafe,Rust,6
LM006-BL,006,Peach Bellini,BL,Bellini,Cream,6
LM007-BL,007,Raspberry Bellini,BL,Bellini,Cream,6
LM008-PM,008,Shimmer Grapefruit,PM,Premium Mimosa,Cream,6
LM009-PM,009,Arcadia Orange,PM,Premium Mimosa,Cream,6
LM010-PM,010,Shimmer Lemon,PM,Premium Mimosa,Cream,6
LM010-GC,010,Shimmer Lemon,GC,Gourmet Cafe,Rust,6
LM011-PC,011,Moscow Mule,PC,Premium Cocktail,Green,6
LM012-PC,012,Old Fashioned,PC,Premium Cocktail,Green,6
LM013-PC,013,Manhattan,PC,Premium Cocktail,Green,6
LM014-PC,014,Mint Julep,PC,Premium Cocktail,Green,6
LM015-PC,015,Mojito,PC,Premium Cocktail,Green,6
LM069-PC,015,Mint & Lime,PC,Premium Cocktail,Green,6
LM016-PC,016,Shimmer Cosmo,PC,Premium Cocktail,Green,6
LM086-PC,016,Coven Cranberry,PC,Premium Cocktail,Green,6
LM017-PC,017,Pumpkin Spice,PC,Premium Cocktail,Green,6
LM115-PM,017,Pumpkin Pie,PM,Premium Mimosa,Cream,6
LM018-PC,018,Spiced Apple Toddy,PC,Premium Cocktail,Green,6
LM019-GC,019,White Peppermint Mocha,GC,Gourmet Cafe,Rust,6
LM020-CB,020,Cream,GC,Gourmet Cafe,Rust,6
LM021-PC,021,Vanilla Brown Sugar,PC,Premium Cocktail,Green,6
LM021-GC,021,Vanilla Brown Sugar,GC,Gourmet Cafe,Rust,6
LM022-PC,022,Chocolate,PC,Premium Cocktail,Green,6
LM023-PC,023,White Chocolate Cocoa,PC,Premium Cocktail,Green,6
LM023-GC,023,White Chocolate Mocha,GC,Gourmet Cafe,Rust,6
LM024-PC,024,Classic Cocoa,PC,Premium Cocktail,Green,6
LM024-GC,024,Classic Cocoa,GC,Gourmet Cafe,Rust,6
LM025-GC,025,Matcha,GC,Gourmet Cafe,Rust,6
LM033-PC,033,Espresso,PC,Premium Cocktail,Green,6
LM034-PC,034,Espresso Martini,PC,Premium Cocktail,Green,6
LM035-PM,035,Shimmer Strawberry,PM,Premium Mimosa,Cream,6
LM036-PM,036,Shimmer Peach,PM,Premium Mimosa,Cream,6
LM037-SP,037,Shimmer White Raspberry,SP,Spritz,Cream,6
LM037-PM,037,Shimmer Raspberry,PM,Premium Mimosa,Cream,6
LM039-PM,039,Shimmer Orange,PM,Premium Mimosa,Cream,6
LM041-GR,041,Confetti Sprinkles,GR,Gourmet Rimmer,,0
LM042-GC,042,Confetti Cake,GC,Gourmet Cafe,Rust,6
LM043-PC,043,Chocolate Cake,PC,Premium Cocktail,Green,6
LM043-GC,043,Chocolate Cake,GC,Gourmet Cafe,Rust,6
LM044-PC,044,Eggnog,PC,Premium Cocktail,Green,6
LM044-GC,044,Eggnog,GC,Gourmet Cafe,Rust,6
LM045-PC,045,Gingerbread,PC,Premium Cocktail,Green,6
LM045-GC,045,Gingerbread,GC,Gourmet Cafe,Rust,6
LM046-GC,046,Sugar Cookie,GC,Gourmet Cafe,Rust,6
LM047-PC,047,Crushed Candy Cane,PC,Premium Cocktail,Green,6
LM047-GC,047,Crushed Candy Cane,GC,Gourmet Cafe,Rust,6
LM048-GR,048,Christmas Cookie Sprinkles,GR,Gourmet Rimmer,,0
LM049-GC,049,Cinnamon Hazelnut,GC,Gourmet Cafe,Rust,6
LM049-AW,049,Cinnamon Hazelnut,AW,Artisnal Wine,Cream,6
LM050-PM,050,Pear Apple Nutmeg,PM,Premium Mimosa,Cream,6
LM051-PM,051,Cranberry Orange Rosemary,PM,Premium Mimosa,Cream,6
LM051-GC,051,Cranberry Orange Rosemary,GC,Gourmet Cafe,Rust,6
LM054-PC,054,Tart Green Apple,PC,Premium Cocktail,Green,6
LM055-SP,055,Tart Cherry Spritz,SP,Spritz,Cream,6
LM055-CB,055,Tart Cherry,CB,Craft Beverage,Rust,6
LM055-PM,055,Tart Cherry,PM,Premium Mimosa,Cream,6
LM056-SP,056,Aperitivo Spritz,SP,Spritz,Cream,6
LM057-SP,057,The Hugo Spritz,SP,Spritz,Cream,6
LM058-PC,058,Shimmer Lemon Drop,PC,Premium Cocktail,Green,6
LM059-PC,059,Spiced Apple Cider,PC,Premium Cocktail,Green,6
LM062-GC,062,White Peppermint,GC,Gourmet Cafe,Rust,6
LM063-GR,063,Peppermint Marshmallow Sprinkles,GR,Gourmet Rimmer,,0
LM064-GR,064,Cinnamon Dolce Sugar Rimmer,GR,Gourmet Rimmer,,0
LM065-GR,065,Peppermint Candy Cane Sprinkles,GR,Gourmet Rimmer,,0
LM066-GR,066,Gingerbread Sugar Rimmer,GR,Gourmet Rimmer,,0
LM067-GR,067,Black Poison Sugar Rimmer,GR,Gourmet Rimmer,,0
LM068-GC,068,Mint,GC,Gourmet Cafe,Rust,6
LM080-GR,080,Biscotti Sugar Rimmer,GR,Gourmet Rimmer,,0
LM080-GC,080,Biscotti Cookie,GC,Gourmet Cafe,Rust,6
LM081-GC,081,Orange Vanilla Cream,GC,Gourmet Cafe,Rust,6
LM082-PC,082,French Vanilla,PC,Premium Cocktail,Green,6
LM082-GC,082,French Vanilla,GC,Gourmet Cafe,Rust,6
LM083-GR,083,Potion Sugar Rimmer,GR,Gourmet Rimmer,,0
LM084-GC,084,Candy Corn Vanilla,GC,Gourmet Cafe,Rust,6
LM087-SP,087,Orange Cranberry,SP,Spritz,Cream,6
LM087-GC,087,Orange Cranberry,GC,Gourmet Cafe,Rust,6
LM087-AW,087,Orange Cranberry,AW,Artisnal Wine,Cream,6
LM088-PM,088,Blood Orange,PM,Premium Mimosa,Cream,6
LM092-PC,092,Salted Honey,PC,Premium Cocktail,Green,6
LM092-GC,092,Salted Honey,GC,Gourmet Cafe,Rust,6
LM093-SP,093,Orange Clove,SP,Spritz,Cream,6
LM093-PM,093,Orange Clove,PM,Premium Mimosa,Cream,6
LM093-PC,093,Orange Clove,PC,Premium Cocktail,Green,6
LM093-AW,093,Orange Clove,AW,Artisnal Wine,Cream,6
LM093-GC,093,Orange Clove,GC,Gourmet Cafe,Rust,6
LM094-AW,094,Cinnamon & Clove,AW,Artisnal Wine,Cream,6
LM095-GC,095,Roasted Pear Latte,GC,Gourmet Cafe,Rust,6
LM095-BL,095,Pear Bellini,BL,Bellini,Cream,6
LM096-BL,096,Apple Cinnamon,BL,Bellini,Cream,6
LM109-PM,096,Apple Pie,PM,Premium Mimosa,Cream,6
LM097-PC,097,Lemon Honey,PC,Premium Cocktail,Green,6
LM097-GC,097,Lemon Honey,GC,Gourmet Cafe,Rust,6
LM098-PC,098,Maple Nutmeg,PC,Premium Cocktail,Green,6
LM098-GC,098,Maple Nutmeg,GC,Gourmet Cafe,Rust,6
LM098-AW,098,Maple Nutmeg,AW,Artisnal Wine,Cream,6
LM099-PC,099,Spiced Mexican Chocolate,PC,Premium Cocktail,Green,6
LM099-GC,099,Spiced Mexican Chocolate,GC,Gourmet Cafe,Rust,6
LM100-PC,100,Dark Chocolate,PC,Premium Cocktail,Green,6
LM100-GR,100,Dark Chocolate Sugar Rimmer,GR,Gourmet Rimmer,,0
LM101-GC,101,White Chocolate Pistachio,GC,Gourmet Cafe,Rust,6
LM102-PC,102,Toasted Marshmallow,PC,Premium Cocktail,Green,6
LM102-GC,102,Toasted Marshmallow,GC,Gourmet Cafe,Rust,6
LM103-GC,102,Marshmallow,GC,Gourmet Cafe,Rust,6
LM104-PM,104,Pomegranate,PM,Premium Mimosa,Cream,6
LM104-PC,104,Shimmer Pomegranate,PC,Premium Cocktail,Green,6
LM105-PC,105,Spiced Chai,PC,Premium Cocktail,Green,6
LM106-GC,106,Vanilla Chai,GC,Gourmet Cafe,Rust,6
LM107-PC,107,Cheese Cake,PC,Premium Cocktail,Green,6
LM110-PM,110,Cherry Pie,PM,Premium Mimosa,Cream,6
LM111-GC,111,Coconut Cream,GC,Gourmet Cafe,Rust,6
LM112-AW,112,Ginger & Lime,AW,Artisnal Wine,Cream,6
LM113-GR,113,Graham Cracker Sugar Rimmer,GR,Gourmet Rimmer,,0
LM114-GR,114,Pie Crust Sugar Rimmer,GR,Gourmet Rimmer,,0
LM116-GC,116,Horchata,GC,Gourmet Cafe,Rust,6
LM117-PC,117,Pecan,PC,Premium Cocktail,Green,6
LM117-GC,117,Pecan,GC,Gourmet Cafe,Rust,6
LM118-BL,118,Fig Bellini,BL,Bellini,Cream,6
LM119-PC,119,Kentucky Mule,PC,Premium Cocktail,Green,6
LM120-CB,120,Blue Raspberry,CB,Craft Beverage,Rust,6
LM121-CB,121,Watermelon,CB,Craft Beverage,Rust,6
LM123-CB,123,Prickly Pear & Lime,CB,Craft Beverage,Rust,6
LM085-PC,124,Bewitched Blueberry,PC,Premium Cocktail,Green,6
LM124-SP,124,Blueberry,SP,Spritz,Cream,6
LM124-PC,124,Blueberry,PC,Premium Cocktail,Green,6
LM124-GC,124,Blueberry,GC,Gourmet Cafe,Rust,6
LM124-CB,124,Blueberry,CB,Craft Beverage,Rust,6
